customerId,movieID,theaterID,customerName,customerGender,customerAge,customerEmail,customerPhone,customerAddress
137,93,12,Ava Foster,F,29,AvaFoster@gmail.com,5043217890,"New Orleans, Louisiana"
138,477,18,Lucas Simmons,M,32,LucasSimmons@gmail.com,7023456789,"Las Vegas, Nevada"
139,196,10,Isabella Coleman,F,35,IsabellaColeman@gmail.com,2134567890,"Los Angeles, California"
140,172,16,Elijah Johnson,M,26,ElijahJohnson@gmail.com,5127893456,AustinTexas
141,404,2,Sophia Reed,F,30,SophiaReed@gmail.com,4156789012,San FranciscoCalifornia
142,421,9,Oliver Anderson,M,31,OliverAnderson@gmail.com,7865432178,MiamiFlorida
143,460,15,Mia Collins,F,27,MiaCollins@gmail.com,6789012345,AtlantaGeorgia
144,126,3,Noah Peterson,M,29,NoahPeterson@gmail.com,5043217890,New OrleansLouisiana
145,438,11,Ava Foster,F,32,AvaFoster@gmail.com,7023456789,Las VegasNevada
146,428,17,Lucas Simmons,M,35,LucasSimmons@gmail.com,2134567890,Los AngelesCalifornia
147,38,4,Isabella Coleman,F,26,IsabellaColeman@gmail.com,5127893456,AustinTexas
148,492,1,Elijah Johnson,M,30,ElijahJohnson@gmail.com,4156789012,San FranciscoCalifornia
149,91,13,Sophia Reed,F,31,SophiaReed@gmail.com,7865432178,MiamiFlorida
150,433,7,Oliver Anderson,M,28,OliverAnderson@gmail.com,6789012345,AtlantaGeorgia
151,334,12,Mia Collins,F,29,MiaCollins@gmail.com,5043217890,New OrleansLouisiana
152,363,18,Noah Peterson,M,32,NoahPeterson@gmail.com,7023456789,Las VegasNevada
153,421,5,Ava Foster,F,35,AvaFoster@gmail.com,2134567890,Los AngelesCalifornia
154,436,10,Lucas Simmons,M,26,LucasSimmons@gmail.com,5127893456,AustinTexas
155,95,16,Isabella Coleman,F,30,IsabellaColeman@gmail.com,4156789012,San FranciscoCalifornia
156,61,2,Elijah Johnson,M,31,ElijahJohnson@gmail.com,7865432178,MiamiFlorida
157,470,9,Sophia Reed,F,27,SophiaReed@gmail.com,6789012345,AtlantaGeorgia
158,172,15,Oliver Anderson,M,29,OliverAnderson@gmail.com,5043217890,New OrleansLouisiana
159,164,3,Mia Collins,F,32,MiaCollins@gmail.com,7023456789,Las VegasNevada
160,477,11,Noah Peterson,M,35,NoahPeterson@gmail.com,2134567890,Los AngelesCalifornia
161,399,17,Ava Foster,F,26,AvaFoster@gmail.com,5127893456,AustinTexas
162,148,4,Lucas Simmons,M,30,LucasSimmons@gmail.com,4156789012,San FranciscoCalifornia
163,375,1,Isabella Coleman,F,31,IsabellaColeman@gmail.com,7865432178,MiamiFlorida
164,77,13,Elijah Johnson,M,28,ElijahJohnson@gmail.com,6789012345,AtlantaGeorgia
165,160,7,Sophia Reed,F,29,SophiaReed@gmail.com,5043217890,New OrleansLouisiana
166,346,18,Oliver Anderson,M,32,OliverAnderson@gmail.com,7023456789,Las VegasNevada
167,434,5,Mia Collins,F,35,MiaCollins@gmail.com,2134567890,Los AngelesCalifornia
168,301,10,Noah Peterson,M,26,NoahPeterson@gmail.com,5127893456,AustinTexas
169,435,16,Ava Foster,F,30,AvaFoster@gmail.com,4156789012,San FranciscoCalifornia
170,236,2,Lucas Simmons,M,31,LucasSimmons@gmail.com,7865432178,MiamiFlorida
171,92,9,Isabella Coleman,F,27,IsabellaColeman@gmail.com,6789012345,AtlantaGeorgia
172,203,15,Elijah Johnson,M,29,ElijahJohnson@gmail.com,5043217890,New OrleansLouisiana
173,247,3,Sophia Reed,F,32,SophiaReed@gmail.com,7023456789,Las VegasNevada
174,489,11,Oliver Anderson,M,35,OliverAnderson@gmail.com,2134567890,Los AngelesCalifornia
175,498,17,Mia Collins,F,26,MiaCollins@gmail.com,5127893456,AustinTexas
176,312,4,Noah Peterson,M,30,NoahPeterson@gmail.com,4156789012,San FranciscoCalifornia
177,500,1,Ava Foster,F,31,AvaFoster@gmail.com,7865432178,MiamiFlorida
178,263,13,Lucas Simmons,M,28,Lucas Simmons@gmail.com,3434745348,MiamiFlorida
179,245,7,Isabella Coleman,F,29,IsabellaColeman@gmail.com,6789012345,AtlantaGeorgia
180,477,12,Elijah Johnson,M,32,ElijahJohnson@gmail.com,5043217890,New OrleansLouisiana
181,66,18,Sophia Reed,F,35,SophiaReed@gmail.com,7023456789,Las VegasNevada
182,320,5,Oliver Anderson,M,26,OliverAnderson@gmail.com,2134567890,Los AngelesCalifornia
183,205,10,Mia Collins,F,30,MiaCollins@gmail.com,5127893456,AustinTexas
184,17,16,Noah Peterson,M,31,NoahPeterson@gmail.com,4156789012,San FranciscoCalifornia
185,232,2,Ava Foster,F,27,AvaFoster@gmail.com,7865432178,MiamiFlorida
186,319,9,Lucas Simmons,M,29,LucasSimmons@gmail.com,6789012345,AtlantaGeorgia
187,439,15,Isabella Coleman,F,32,IsabellaColeman@gmail.com,5043217890,New OrleansLouisiana
188,298,3,Elijah Johnson,M,35,ElijahJohnson@gmail.com,7023456789,Las VegasNevada
189,488,11,Sophia Reed,F,26,SophiaReed@gmail.com,2134567890,Los AngelesCalifornia
190,432,17,Oliver Anderson,M,30,OliverAnderson@gmail.com,5127893456,AustinTexas
191,432,4,Mia Collins,F,31,MiaCollins@gmail.com,4156789012,San FranciscoCalifornia
192,492,1,Noah Peterson,M,28,NoahPeterson@gmail.com,7865432178,MiamiFlorida
193,59,13,Ava Foster,F,29,AvaFoster@gmail.com,6789012345,AtlantaGeorgia
194,353,7,Lucas Simmons,M,32,LucasSimmons@gmail.com,5043217890,New OrleansLouisiana
195,230,12,Isabella Coleman,F,35,IsabellaColeman@gmail.com,7023456789,Las VegasNevada
196,371,18,Elijah Johnson,M,26,ElijahJohnson@gmail.com,2134567890,Los AngelesCalifornia
197,47,5,Sophia Reed,F,30,SophiaReed@gmail.com,5127893456,AustinTexas
198,458,10,Oliver Anderson,M,31,OliverAnderson@gmail.com,4156789012,San FranciscoCalifornia
199,174,16,Mia Collins,F,27,MiaCollins@gmail.com,7865432178,MiamiFlorida
200,394,2,Noah Peterson,M,29,NoahPeterson@gmail.com,6789012345,AtlantaGeorgia
201,405,15,Ava Foster,F,32,AvaFoster@gmail.com,5043217890,New OrleansLouisiana
202,188,3,Lucas Simmons,M,35,LucasSimmons@gmail.com,7023456789,Las VegasNevada
203,264,11,Isabella Coleman,F,26,IsabellaColeman@gmail.com,2134567890,Los AngelesCalifornia
204,3,17,Elijah Johnson,M,30,ElijahJohnson@gmail.com,5127893456,AustinTexas
205,349,4,Sophia Reed,F,31,SophiaReed@gmail.com,4156789012,San FranciscoCalifornia
206,374,1,Oliver Anderson,M,28,OliverAnderson@gmail.com,7865432178,MiamiFlorida
207,361,13,Mia Collins,F,29,MiaCollins@gmail.com,6789012345,AtlantaGeorgia
208,382,7,Noah Peterson,M,32,NoahPeterson@gmail.com,5043217890,New OrleansLouisiana
209,232,12,Ava Foster,F,35,AvaFoster@gmail.com,7023456789,Las VegasNevada
210,348,18,Lucas Simmons,M,26,LucasSimmons@gmail.com,2134567890,Los AngelesCalifornia
211,262,5,Isabella Coleman,F,30,IsabellaColeman@gmail.com,5127893456,AustinTexas
212,281,16,Elijah Johnson,M,31,ElijahJohnson@gmail.com,4156789012,San FranciscoCalifornia
213,382,2,Sophia Reed,F,27,SophiaReed@gmail.com,7865432178,MiamiFlorida
214,471,9,Oliver Anderson,M,29,OliverAnderson@gmail.com,6789012345,AtlantaGeorgia
215,123,15,Mia Collins,F,32,MiaCollins@gmail.com,5043217890,New OrleansLouisiana
216,118,3,Noah Peterson,M,35,NoahPeterson@gmail.com,7023456789,Las VegasNevada
217,59,11,Ava Foster,F,26,AvaFoster@gmail.com,2134567890,Los AngelesCalifornia
218,161,17,Lucas Simmons,M,30,LucasSimmons@gmail.com,5127893456,AustinTexas
219,499,4,Isabella Coleman,F,31,IsabellaColeman@gmail.com,4156789012,San FranciscoCalifornia
220,213,1,Elijah Johnson,M,28,ElijahJohnson@gmail.com,7865432178,MiamiFlorida
221,328,13,Sophia Reed,F,29,SophiaReed@gmail.com,6789012345,AtlantaGeorgia
222,369,7,Oliver Anderson,M,32,OliverAnderson@gmail.com,5043217890,New OrleansLouisiana
223,253,12,Mia Collins,F,35,MiaCollins@gmail.com,7023456789,Las VegasNevada
224,285,18,Noah Peterson,M,26,NoahPeterson@gmail.com,2134567890,Los AngelesCalifornia
225,256,5,Ava Foster,F,30,AvaFoster@gmail.com,5127893456,AustinTexas
226,287,16,Lucas Simmons,M,31,LucasSimmons@gmail.com,4156789012,San FranciscoCalifornia
227,27,2,Isabella Coleman,F,27,IsabellaColeman@gmail.com,7865432178,MiamiFlorida
228,210,9,Elijah Johnson,M,29,ElijahJohnson@gmail.com,6789012345,AtlantaGeorgia
229,262,15,Sophia Reed,F,32,SophiaReed@gmail.com,5043217890,New OrleansLouisiana
230,181,3,Oliver Anderson,M,35,OliverAnderson@gmail.com,7023456789,Las VegasNevada
231,148,11,Mia Collins,F,26,MiaCollins@gmail.com,2134567890,Los AngelesCalifornia
232,370,17,Noah Peterson,M,30,NoahPeterson@gmail.com,5127893456,AustinTexas
233,188,4,Ava Foster,F,31,AvaFoster@gmail.com,4156789012,San FranciscoCalifornia
234,378,1,Lucas Simmons,M,28,LucasSimmons@gmail.com,7865432178,MiamiFlorida
235,240,13,Isabella Coleman,F,29,IsabellaColeman@gmail.com,6789012345,AtlantaGeorgia
236,442,7,Elijah Johnson,M,32,ElijahJohnson@gmail.com,5043217890,New OrleansLouisiana
237,97,12,Sophia Reed,F,35,SophiaReed@gmail.com,7023456789,Las VegasNevada
238,345,18,Oliver Anderson,M,26,OliverAnderson@gmail.com,2134567890,Los AngelesCalifornia
239,324,5,Mia Collins,F,30,MiaCollins@gmail.com,5127893456,AustinTexas
240,105,16,Noah Peterson,M,31,NoahPeterson@gmail.com,4156789012,San FranciscoCalifornia
241,212,2,Ava Foster,F,27,AvaFoster@gmail.com,7865432178,MiamiFlorida
242,78,9,Lucas Simmons,M,29,LucasSimmons@gmail.com,6789012345,AtlantaGeorgia
243,129,15,Isabella Coleman,F,32,IsabellaColeman@gmail.com,5043217890,New OrleansLouisiana
244,270,3,Elijah Johnson,M,35,ElijahJohnson@gmail.com,7023456789,Las VegasNevada
245,34,11,Sophia Reed,F,26,SophiaReed@gmail.com,2134567890,Los AngelesCalifornia
246,152,17,Oliver Anderson,M,30,OliverAnderson@gmail.com,5127893456,AustinTexas
247,210,4,Mia Collins,F,31,MiaCollins@gmail.com,4156789012,San FranciscoCalifornia
248,430,1,Noah Peterson,M,28,NoahPeterson@gmail.com,7865432178,MiamiFlorida
249,261,13,Ava Foster,F,29,AvaFoster@gmail.com,6789012345,AtlantaGeorgia
250,40,7,Lucas Simmons,M,32,LucasSimmons@gmail.com,5043217890,New OrleansLouisiana
251,251,12,Isabella Coleman,F,35,IsabellaColeman@gmail.com,7023456789,Las VegasNevada
252,310,18,Elijah Johnson,M,26,ElijahJohnson@gmail.com,2134567890,Los AngelesCalifornia
253,237,5,Sophia Reed,F,30,SophiaReed@gmail.com,5127893456,AustinTexas
254,194,16,Oliver Anderson,M,31,OliverAnderson@gmail.com,4156789012,San FranciscoCalifornia
255,82,2,Mia Collins,F,27,MiaCollins@gmail.com,7865432178,MiamiFlorida
256,232,9,Noah Peterson,M,29,NoahPeterson@gmail.com,6789012345,AtlantaGeorgia
257,56,15,Ava Foster,F,32,AvaFoster@gmail.com,5043217890,New OrleansLouisiana
258,295,3,Lucas Simmons,M,35,LucasSimmons@gmail.com,7023456789,Las VegasNevada
259,288,11,Isabella Coleman,F,26,IsabellaColeman@gmail.com,2134567890,Los AngelesCalifornia
260,8,17,Elijah Johnson,M,30,ElijahJohnson@gmail.com,5127893456,AustinTexas
261,95,4,Sophia Reed,F,31,SophiaReed@gmail.com,4156789012,San FranciscoCalifornia
262,377,1,Oliver Anderson,M,28,OliverAnderson@gmail.com,7865432178,MiamiFlorida
263,407,13,Mia Collins,F,29,MiaCollins@gmail.com,6789012345,AtlantaGeorgia
264,197,7,Noah Peterson,M,32,NoahPeterson@gmail.com,5043217890,New OrleansLouisiana
265,299,12,Ava Foster,F,35,AvaFoster@gmail.com,7023456789,Las VegasNevada
266,55,18,Lucas Simmons,M,26,LucasSimmons@gmail.com,2134567890,Los AngelesCalifornia
267,340,5,Isabella Coleman,F,30,IsabellaColeman@gmail.com,5127893456,AustinTexas
268,421,16,Elijah Johnson,M,31,ElijahJohnson@gmail.com,4156789012,San FranciscoCalifornia
269,128,2,Sophia Reed,F,27,SophiaReed@gmail.com,7865432178,MiamiFlorida
270,247,9,Oliver Anderson,M,29,OliverAnderson@gmail.com,6789012345,AtlantaGeorgia
271,234,15,Mia Collins,F,32,MiaCollins@gmail.com,5043217890,New OrleansLouisiana
272,237,3,Noah Peterson,M,35,NoahPeterson@gmail.com,7023456789,Las VegasNevada
273,1,11,Ava Foster,F,26,AvaFoster@gmail.com,2134567890,Los AngelesCalifornia
274,270,17,Lucas Simmons,M,30,LucasSimmons@gmail.com,5127893456,AustinTexas
275,247,4,Isabella Coleman,F,31,IsabellaColeman@gmail.com,4156789012,San FranciscoCalifornia
276,176,1,Elijah Johnson,M,28,ElijahJohnson@gmail.com,7865432178,MiamiFlorida
277,328,13,Sophia Reed,F,29,SophiaReed@gmail.com,6789012345,AtlantaGeorgia
278,373,7,Oliver Anderson,M,32,OliverAnderson@gmail.com,5043217890,New OrleansLouisiana
279,134,12,Mia Collins,F,35,MiaCollins@gmail.com,7023456789,Las VegasNevada
280,150,18,Noah Peterson,M,26,NoahPeterson@gmail.com,2134567890,Los AngelesCalifornia
281,88,5,Ava Foster,F,30,AvaFoster@gmail.com,5127893456,AustinTexas
282,100,16,Lucas Simmons,M,31,LucasSimmons@gmail.com,4156789012,San FranciscoCalifornia
283,493,2,Isabella Coleman,F,27,IsabellaColeman@gmail.com,7865432178,MiamiFlorida
284,366,9,Elijah Johnson,M,29,ElijahJohnson@gmail.com,6789012345,AtlantaGeorgia
285,358,15,Sophia Reed,F,32,SophiaReed@gmail.com,5043217890,New OrleansLouisiana
286,217,3,Oliver Anderson,M,35,OliverAnderson@gmail.com,7023456789,Las VegasNevada
287,471,11,Mia Collins,F,26,MiaCollins@gmail.com,2134567890,Los AngelesCalifornia
288,342,17,Noah Peterson,M,30,NoahPeterson@gmail.com,5127893456,AustinTexas
289,369,4,Ava Foster,F,31,AvaFoster@gmail.com,4156789012,San FranciscoCalifornia
290,279,1,Lucas Simmons,M,28,LucasSimmons@gmail.com,7865432178,MiamiFlorida
291,5,13,Isabella Coleman,F,29,IsabellaColeman@gmail.com,6789012345,AtlantaGeorgia
292,464,7,Elijah Johnson,M,32,ElijahJohnson@gmail.com,5043217890,New OrleansLouisiana
293,254,12,Sophia Reed,F,35,SophiaReed@gmail.com,7023456789,Las VegasNevada
294,360,18,Oliver Anderson,M,26,OliverAnderson@gmail.com,2134567890,Los AngelesCalifornia
295,116,5,Mia Collins,F,30,MiaCollins@gmail.com,5127893456,AustinTexas
296,90,16,Noah Peterson,M,31,NoahPeterson@gmail.com,4156789012,San FranciscoCalifornia
297,219,2,Ava Foster,F,27,AvaFoster@gmail.com,7865432178,MiamiFlorida
298,177,9,Lucas Simmons,M,29,LucasSimmons@gmail.com,6789012345,AtlantaGeorgia
299,237,15,Isabella Coleman,F,32,IsabellaColeman@gmail.com,5043217890,New OrleansLouisiana
300,440,3,Elijah Johnson,M,35,ElijahJohnson@gmail.com,7023456789,Las VegasNevada
301,401,11,Sophia Reed,F,26,SophiaReed@gmail.com,2134567890,Los AngelesCalifornia
302,498,17,Oliver Anderson,M,30,OliverAnderson@gmail.com,5127893456,AustinTexas
303,392,4,Mia Collins,F,31,MiaCollins@gmail.com,4156789012,San FranciscoCalifornia
304,272,1,Noah Peterson,M,28,NoahPeterson@gmail.com,7865432178,MiamiFlorida
305,154,13,Ava Foster,F,29,AvaFoster@gmail.com,6789012345,AtlantaGeorgia
306,382,7,Lucas Simmons,M,32,LucasSimmons@gmail.com,5043217890,New OrleansLouisiana
307,426,12,Isabella Coleman,F,35,IsabellaColeman@gmail.com,7023456789,Las VegasNevada
308,58,18,Elijah Johnson,M,26,ElijahJohnson@gmail.com,2134567890,Los AngelesCalifornia
309,75,5,Sophia Reed,F,30,SophiaReed@gmail.com,5127893456,AustinTexas
310,15,16,Oliver Anderson,M,31,OliverAnderson@gmail.com,4156789012,San FranciscoCalifornia
311,193,2,Mia Collins,F,27,MiaCollins@gmail.com,7865432178,MiamiFlorida
312,81,9,Noah Peterson,M,29,NoahPeterson@gmail.com,6789012345,AtlantaGeorgia
313,107,15,Ava Foster,F,32,AvaFoster@gmail.com,5043217890,New OrleansLouisiana
314,147,3,Lucas Simmons,M,35,LucasSimmons@gmail.com,7023456789,Las VegasNevada
315,484,11,Isabella Coleman,F,26,IsabellaColeman@gmail.com,2134567890,Los AngelesCalifornia
316,383,17,Elijah Johnson,M,30,ElijahJohnson@gmail.com,5127893456,AustinTexas
317,418,4,Sophia Reed,F,31,SophiaReed@gmail.com,4156789012,San FranciscoCalifornia
318,343,1,Oliver Anderson,M,28,OliverAnderson@gmail.com,7865432178,MiamiFlorida
319,206,13,Mia Collins,F,29,MiaCollins@gmail.com,6789012345,AtlantaGeorgia
320,206,7,Noah Peterson,M,32,NoahPeterson@gmail.com,5043217890,New OrleansLouisiana
321,497,12,Ava Foster,F,35,AvaFoster@gmail.com,7023456789,Las VegasNevada
322,473,18,Lucas Simmons,M,26,LucasSimmons@gmail.com,2134567890,Los AngelesCalifornia
323,207,5,Isabella Coleman,F,30,IsabellaColeman@gmail.com,5127893456,AustinTexas
324,460,16,Elijah Johnson,M,31,ElijahJohnson@gmail.com,4156789012,San FranciscoCalifornia
325,353,2,Sophia Reed,F,27,SophiaReed@gmail.com,7865432178,MiamiFlorida
326,187,9,Oliver Anderson,M,29,OliverAnderson@gmail.com,6789012345,AtlantaGeorgia
327,16,15,Mia Collins,F,32,MiaCollins@gmail.com,5043217890,New OrleansLouisiana
328,295,3,Noah Peterson,M,35,NoahPeterson@gmail.com,7023456789,Las VegasNevada
329,103,11,Ava Foster,F,26,AvaFoster@gmail.com,2134567890,Los AngelesCalifornia
330,213,17,Lucas Simmons,M,30,LucasSimmons@gmail.com,5127893456,AustinTexas
331,208,4,Isabella Coleman,F,31,IsabellaColeman@gmail.com,4156789012,San FranciscoCalifornia
332,238,1,Elijah Johnson,M,28,ElijahJohnson@gmail.com,7865432178,MiamiFlorida
333,11,13,Sophia Reed,F,29,SophiaReed@gmail.com,6789012345,AtlantaGeorgia
334,180,7,Oliver Anderson,M,32,OliverAnderson@gmail.com,5043217890,New OrleansLouisiana
335,475,12,Mia Collins,F,35,MiaCollins@gmail.com,7023456789,Las VegasNevada
336,260,18,Noah Peterson,M,26,NoahPeterson@gmail.com,2134567890,Los AngelesCalifornia
337,32,5,Ava Foster,F,30,AvaFoster@gmail.com,5127893456,AustinTexas
338,249,16,Lucas Simmons,M,31,LucasSimmons@gmail.com,4156789012,San FranciscoCalifornia
339,421,2,Isabella Coleman,F,27,IsabellaColeman@gmail.com,7865432178,MiamiFlorida
340,440,9,Elijah Johnson,M,29,ElijahJohnson@gmail.com,6789012345,AtlantaGeorgia
341,251,15,Sophia Reed,F,32,SophiaReed@gmail.com,5043217890,New OrleansLouisiana
342,481,3,Oliver Anderson,M,35,OliverAnderson@gmail.com,7023456789,Las VegasNevada
343,169,11,Mia Collins,F,26,MiaCollins@gmail.com,2134567890,Los AngelesCalifornia
344,477,17,Noah Peterson,M,30,NoahPeterson@gmail.com,5127893456,AustinTexas
345,292,4,Ava Foster,F,31,AvaFoster@gmail.com,4156789012,San FranciscoCalifornia
346,71,1,Lucas Simmons,M,28,LucasSimmons@gmail.com,7865432178,MiamiFlorida
347,444,13,Isabella Coleman,F,29,IsabellaColeman@gmail.com,6789012345,AtlantaGeorgia
348,360,7,Elijah Johnson,M,32,ElijahJohnson@gmail.com,5043217890,New OrleansLouisiana
349,271,12,Sophia Reed,F,35,SophiaReed@gmail.com,7023456789,Las VegasNevada
350,149,18,Oliver Anderson,M,26,OliverAnderson@gmail.com,2134567890,Los AngelesCalifornia
351,356,5,Mia Collins,F,30,MiaCollins@gmail.com,5127893456,AustinTexas
352,205,16,Noah Peterson,M,31,NoahPeterson@gmail.com,4156789012,San FranciscoCalifornia
353,447,2,Ava Foster,F,27,AvaFoster@gmail.com,7865432178,MiamiFlorida
354,498,9,Lucas Simmons,M,29,LucasSimmons@gmail.com,6789012345,AtlantaGeorgia
355,180,15,Isabella Coleman,F,32,IsabellaColeman@gmail.com,5043217890,New OrleansLouisiana
356,208,3,Elijah Johnson,M,35,ElijahJohnson@gmail.com,7023456789,Las VegasNevada
357,296,11,Sophia Reed,F,26,SophiaReed@gmail.com,2134567890,Los AngelesCalifornia
358,263,17,Oliver Anderson,M,30,OliverAnderson@gmail.com,5127893456,AustinTexas
359,56,4,Mia Collins,F,31,MiaCollins@gmail.com,4156789012,San FranciscoCalifornia
360,451,1,Noah Peterson,M,28,NoahPeterson@gmail.com,7865432178,MiamiFlorida
361,178,13,Ava Foster,F,29,AvaFoster@gmail.com,6789012345,AtlantaGeorgia
362,75,7,Lucas Simmons,M,32,LucasSimmons@gmail.com,5043217890,New OrleansLouisiana
363,337,12,Isabella Coleman,F,35,IsabellaColeman@gmail.com,7023456789,Las VegasNevada
364,62,18,Elijah Johnson,M,26,ElijahJohnson@gmail.com,2134567890,Los AngelesCalifornia
365,478,5,Sophia Reed,F,30,SophiaReed@gmail.com,5127893456,AustinTexas
366,67,16,Oliver Anderson,M,31,OliverAnderson@gmail.com,4156789012,San FranciscoCalifornia
367,325,2,Mia Collins,F,27,MiaCollins@gmail.com,7865432178,MiamiFlorida
368,332,9,Noah Peterson,M,29,NoahPeterson@gmail.com,6789012345,AtlantaGeorgia
369,398,15,Ava Foster,F,32,AvaFoster@gmail.com,5043217890,New OrleansLouisiana
370,213,3,Lucas Simmons,M,35,LucasSimmons@gmail.com,7023456789,Las VegasNevada
371,426,11,Isabella Coleman,F,26,IsabellaColeman@gmail.com,2134567890,Los AngelesCalifornia
372,279,17,Elijah Johnson,M,30,ElijahJohnson@gmail.com,5127893456,AustinTexas
373,390,4,Sophia Reed,F,31,SophiaReed@gmail.com,4156789012,San FranciscoCalifornia
374,142,1,Oliver Anderson,M,28,OliverAnderson@gmail.com,7865432178,MiamiFlorida
375,446,13,Mia Collins,F,29,MiaCollins@gmail.com,6789012345,AtlantaGeorgia
376,277,7,Noah Peterson,M,32,NoahPeterson@gmail.com,5043217890,New OrleansLouisiana
377,100,12,Ava Foster,F,35,AvaFoster@gmail.com,7023456789,Las VegasNevada
378,105,18,Lucas Simmons,M,26,LucasSimmons@gmail.com,2134567890,Los AngelesCalifornia
379,256,5,Isabella Coleman,F,30,IsabellaColeman@gmail.com,5127893456,AustinTexas
380,333,16,Elijah Johnson,M,31,ElijahJohnson@gmail.com,4156789012,San FranciscoCalifornia
381,12,2,Sophia Reed,F,27,SophiaReed@gmail.com,7865432178,MiamiFlorida
382,389,9,Oliver Anderson,M,29,OliverAnderson@gmail.com,6789012345,AtlantaGeorgia
383,435,15,Mia Collins,F,32,MiaCollins@gmail.com,5043217890,New OrleansLouisiana
384,175,3,Noah Peterson,M,35,NoahPeterson@gmail.com,7023456789,Las VegasNevada
385,214,11,Ava Foster,F,26,AvaFoster@gmail.com,2134567890,Los AngelesCalifornia
386,126,17,Lucas Simmons,M,30,LucasSimmons@gmail.com,5127893456,AustinTexas
387,384,4,Isabella Coleman,F,31,IsabellaColeman@gmail.com,4156789012,San FranciscoCalifornia
388,29,1,Elijah Johnson,M,28,ElijahJohnson@gmail.com,7865432178,MiamiFlorida
389,110,13,Sophia Reed,F,29,SophiaReed@gmail.com,6789012345,AtlantaGeorgia
390,211,7,Oliver Anderson,M,32,OliverAnderson@gmail.com,5043217890,New OrleansLouisiana
391,286,12,Mia Collins,F,35,MiaCollins@gmail.com,7023456789,Las VegasNevada
392,256,18,Noah Peterson,M,26,NoahPeterson@gmail.com,2134567890,Los AngelesCalifornia
393,343,5,Ava Foster,F,30,AvaFoster@gmail.com,5127893456,AustinTexas
394,355,16,Lucas Simmons,M,31,LucasSimmons@gmail.com,4156789012,San FranciscoCalifornia
395,320,2,Isabella Coleman,F,27,IsabellaColeman@gmail.com,7865432178,MiamiFlorida
396,388,9,Elijah Johnson,M,29,ElijahJohnson@gmail.com,6789012345,AtlantaGeorgia
397,345,15,Sophia Reed,F,32,SophiaReed@gmail.com,5043217890,New OrleansLouisiana
398,375,3,Oliver Anderson,M,35,OliverAnderson@gmail.com,7023456789,Las VegasNevada
399,394,11,Mia Collins,F,26,MiaCollins@gmail.com,2134567890,Los AngelesCalifornia
400,242,17,Noah Peterson,M,30,NoahPeterson@gmail.com,5127893456,AustinTexas
401,197,19,Sophia Martinez,F,36,SophiaMartinez@gmail.com,5771544200,San AntonioTexas
402,339,8,Lucas Hernandez,M,48,LucasHernandez@gmail.com,1469470037,San DiegoCalifornia
403,314,13,Mia Thompson,F,12,MiaThompson@gmail.com,2531656739,DallasTexas
404,183,1,Benjamin Wilson,M,22,BenjaminWilson@gmail.com,7957621827,San JoseCalifornia
405,45,11,Emily Lewis,M,51,EmilyLewis@gmail.com,3790064676,New York CityNew York
406,373,16,Samuel Carter,F,14,SamuelCarter@gmail.com,6369042654,Los AngelesCalifornia
407,229,22,Ava Mitchell,F,50,AvaMitchell@gmail.com,9525979389,ChicagoIllinois
408,226,17,William Hall,M,32,WilliamHall@gmail.com,8401645749,HoustonTexas
409,272,1,Harper Davis,F,18,HarperDavis@gmail.com,7409764458,PhoenixArizona
410,199,13,Alexander Martinez,F,42,AlexanderMartinez@gmail.com,3833579161,San AntonioTexas
411,288,21,Grace Thompson,M,45,GraceThompson@gmail.com,7651046803,San DiegoCalifornia
412,312,13,Joseph Mitchell,M,26,JosephMitchell@gmail.com,2067730864,DallasTexas
413,31,13,Lily Turner,M,16,LilyTurner@gmail.com,4142560498,San JoseCalifornia
414,228,21,David Scott,M,32,DavidScott@gmail.com,5781739604,New York CityNew York
415,124,28,Victoria Adams,M,33,VictoriaAdams@gmail.com,9731219146,Los AngelesCalifornia
416,248,19,Liam White,M,10,LiamWhite@gmail.com,6879890236,ChicagoIllinois
417,308,3,Isabella Lewis,F,65,IsabellaLewis@gmail.com,1766391690,HoustonTexas
418,52,23,Noah Hernandez,F,70,NoahHernandez@gmail.com,4025136081,PhoenixArizona
419,195,12,Sophia Adams,F,28,SophiaAdams@gmail.com,8652213972,San AntonioTexas
420,496,6,Lucas Miller,M,39,LucasMiller@gmail.com,1795724003,San DiegoCalifornia
421,438,8,Olivia Turner,F,56,OliviaTurner@gmail.com,2491806770,DallasTexas
422,124,11,Ethan Carter,M,27,EthanCarter@gmail.com,4859036216,San JoseCalifornia
423,472,5,Amelia Scott,F,19,AmeliaScott@gmail.com,9823120523,New York CityNew York
424,290,17,James Hall,M,41,JamesHall@gmail.com,7539061804,Los AngelesCalifornia
425,153,4,Sophia Adams,F,35,SophiaAdams@gmail.com,6024987150,ChicagoIllinois
426,57,22,Oliver White,M,61,OliverWhite@gmail.com,3174670823,HoustonTexas
427,66,23,Emma Hernandez,F,23,EmmaHernandez@gmail.com,1502394776,PhoenixArizona
428,275,1,Logan Taylor,M,48,LoganTaylor@gmail.com,8275443967,San AntonioTexas
429,414,16,Ava Wilson,F,32,AvaWilson@gmail.com,4501097682,San DiegoCalifornia
430,311,9,Liam Lewis,M,25,LiamLewis@gmail.com,7062351948,DallasTexas
431,369,19,Isabella Turner,F,39,IsabellaTurner@gmail.com,9476310582,San JoseCalifornia
432,487,2,Mason Scott,M,57,MasonScott@gmail.com,5198362710,New York CityNew York
433,381,14,Sophia Davis,F,46,SophiaDavis@gmail.com,3264901475,Los AngelesCalifornia
434,70,12,Jackson Adams,M,30,JacksonAdams@gmail.com,6923170485,ChicagoIllinois
435,449,27,Olivia Turner,F,16,OliviaTurner@gmail.com,4158297061,HoustonTexas
436,238,20,Aiden Martinez,M,62,AidenMartinez@gmail.com,8265741390,PhoenixArizona
437,457,15,Sophia Wilson,F,29,SophiaWilson@gmail.com,2346908715,San AntonioTexas
438,408,1,Lucas Carter,M,36,LucasCarter@gmail.com,9752106432,San DiegoCalifornia
439,33,5,Emma Thompson,F,20,EmmaThompson@gmail.com,6184035279,DallasTexas
440,438,26,Oliver Lewis,M,50,OliverLewis@gmail.com,1547908362,San JoseCalifornia
441,27,8,Ava Turner,F,42,AvaTurner@gmail.com,7376814059,New York CityNew York
442,7,13,Logan Harris,M,24,LoganHarris@gmail.com,3095721864,Los AngelesCalifornia
443,111,30,Emma Rodriguez,F,34,EmmaRodriguez@gmail.com,5483907216,ChicagoIllinois
444,194,3,Liam Davis,M,59,LiamDavis@gmail.com,1024659837,HoustonTexas
445,426,21,Isabella Wilson,F,33,IsabellaWilson@gmail.com,7458201369,PhoenixArizona
446,409,18,Jackson Clark,M,26,JacksonClark@gmail.com,4062791548,San AntonioTexas
447,305,10,Sophia Allen,F,49,SophiaAllen@gmail.com,8320174953,San DiegoCalifornia
448,409,7,Lucas Lewis,M,31,LucasLewis@gmail.com,1954623078,DallasTexas
449,239,24,Olivia Harris,F,40,OliviaHarris@gmail.com,6037892541,San JoseCalifornia
450,191,16,Mason Rodriguez,M,60,MasonRodriguez@gmail.com,4298170653,New York CityNew York
451,291,9,Emma Davis,F,21,EmmaDavis@gmail.com,8745032169,Los AngelesCalifornia
452,109,29,Liam Turner,M,38,LiamTurner@gmail.com,2387910465,ChicagoIllinois
453,344,1,Oliver Clark,M,53,OliverClark@gmail.com,5203764198,HoustonTexas
454,207,15,Isabella Wilson,F,47,IsabellaWilson@gmail.com,7815297046,PhoenixArizona
455,183,11,Jackson Thompson,M,22,JacksonThompson@gmail.com,3169480527,San AntonioTexas
456,114,19,Sophia Adams,F,37,SophiaAdams@gmail.com,6291847530,San DiegoCalifornia
457,1,14,Lucas Allen,M,51,LucasAllen@gmail.com,4738102965,DallasTexas
458,448,28,Olivia Turner,F,28,OliviaTurner@gmail.com,1985347062,San JoseCalifornia
459,96,6,Aiden Harris,M,43,AidenHarris@gmail.com,6958170432,New York CityNew York
460,360,25,Emma Scott,F,18,EmmaScott@gmail.com,5319426078,Los AngelesCalifornia
461,192,3,Liam Davis,M,44,LiamDavis@gmail.com,6284905173,ChicagoIllinois
462,262,22,Oliver Clark,M,63,OliverClark@gmail.com,4195260837,HoustonTexas
463,110,27,Ava Martinez,F,17,AvaMartinez@gmail.com,8704639182,PhoenixArizona
464,275,2,Lucas Hernandez,M,45,LucasHernandez@gmail.com,3206875419,San AntonioTexas
465,438,12,Sophia Turner,F,23,SophiaTurner@gmail.com,7952041863,San DiegoCalifornia
466,32,4,Mason Martinez,M,64,MasonMartinez@gmail.com,5698310427,DallasTexas
467,490,23,Emma Wilson,F,41,EmmaWilson@gmail.com,2817530946,San JoseCalifornia
468,332,10,Olivia Adams,F,19,OliviaAdams@gmail.com,6318904572,New York CityNew York
469,301,16,Liam Carter,M,46,LiamCarter@gmail.com,9803275416,Los AngelesCalifornia
470,453,21,Ava Wilson,F,24,AvaWilson@gmail.com,7152964830,ChicagoIllinois
471,22,7,Lucas Harris,M,65,LucasHarris@gmail.com,4065827391,HoustonTexas
472,188,5,Sophia Allen,F,20,SophiaAllen@gmail.com,9346710582,PhoenixArizona
473,424,24,Oliver Thompson,M,47,OliverThompson@gmail.com,5278160943,San AntonioTexas
474,13,30,Emma Davis,F,25,EmmaDavis@gmail.com,7802134596,San DiegoCalifornia
475,264,18,Jackson Allen,M,66,JacksonAllen@gmail.com,3694578012,DallasTexas
476,118,13,Olivia Adams,F,42,OliviaAdams@gmail.com,8240175963,San JoseCalifornia
477,359,1,Aiden Turner,M,26,AidenTurner@gmail.com,1509823647,New York CityNew York
478,209,28,Sophia Hernandez,F,27,SophiaHernandez@gmail.com,6905837214,Los AngelesCalifornia
479,116,20,Lucas Wilson,M,48,LucasWilson@gmail.com,4175069238,ChicagoIllinois
480,397,3,Emma Rodriguez,F,28,EmmaRodriguez@gmail.com,8351690472,HoustonTexas
481,99,11,Oliver Thompson,M,67,OliverThompson@gmail.com,2064978350,PhoenixArizona
482,351,26,Ava Turner,F,29,AvaTurner@gmail.com,6407153982,San AntonioTexas
483,34,15,Lucas Lewis,M,49,LucasLewis@gmail.com,3985472106,San DiegoCalifornia
484,187,5,Sophia Allen,F,30,SophiaAllen@gmail.com,5102679438,DallasTexas
485,156,22,Oliver Thompson,M,68,OliverThompson@gmail.com,9267048531,San JoseCalifornia
486,46,9,Emma Wilson,F,31,EmmaWilson@gmail.com,3749250168,New York CityNew York
487,388,14,Lucas Lewis,M,50,LucasLewis@gmail.com,8591074263,Los AngelesCalifornia
488,59,30,Sophia Adams,F,32,SophiaAdams@gmail.com,4215908736,ChicagoIllinois
489,182,12,Oliver Clark,M,69,OliverClark@gmail.com,7283460915,HoustonTexas
490,385,27,Ava Turner,F,33,AvaTurner@gmail.com,1639482057,PhoenixArizona
491,114,19,Lucas Harris,M,51,LucasHarris@gmail.com,5083274691,San AntonioTexas
492,461,6,Olivia Adams,F,34,OliviaAdams@gmail.com,9420561837,San DiegoCalifornia
493,425,25,Emma Scott,F,70,EmmaScott@gmail.com,6918302475,DallasTexas
494,80,8,Jackson Thompson,M,52,JacksonThompson@gmail.com,2578430196,San JoseCalifornia
495,345,2,Sophia Hernandez,F,35,SophiaHernandez@gmail.com,7065824913,New York CityNew York
496,495,17,Lucas Carter,M,71,LucasCarter@gmail.com,4307591862,Los AngelesCalifornia
497,80,14,Emma Rodriguez,F,36,EmmaRodriguez@gmail.com,9851374206,ChicagoIllinois
498,427,21,Ava Wilson,F,53,AvaWilson@gmail.com,3014682975,"Houston, Texas"
499,284,10,Jackson Thompson,M,37,JacksonThompson@gmail.com,6284970134,"Phoenix ,Arizona"
500,66,16,Olivia Turner,F,54,OliviaTurner@gmail.com,1740359268,"San Antonio, Texas"
